{
  "dashboard": {
    "id": null,
    "title": "Genius Suite Observability",
    "tags": ["genius-suite", "observability"],
    "timezone": "browser",
    "panels": [
      {
        "id": 1,
        "title": "Node.js Heap Used",
        "type": "graph",
        "targets": [
          {
            "expr": "nodejs_heap_size_used_bytes",
            "legendFormat": "{{job}}"
          }
        ],
        "gridPos": {
          "h": 8,
          "w": 12,
          "x": 0,
          "y": 0
        }
      },
      {
        "id": 2,
        "title": "HTTP Request Duration",
        "type": "graph",
        "targets": [
          {
            "expr": "http_request_duration_seconds{quantile=\"0.5\"}",
            "legendFormat": "50th percentile"
          },
          {
            "expr": "http_request_duration_seconds{quantile=\"0.95\"}",
            "legendFormat": "95th percentile"
          }
        ],
        "gridPos": {
          "h": 8,
          "w": 12,
          "x": 12,
          "y": 0
        }
      }
    ],
    "time": {
      "from": "now-1h",
      "to": "now"
    },
    "timepicker": {},
    "templating": {
      "list": []
    },
    "annotations": {
      "list": []
    },
    "refresh": "5s",
    "schemaVersion": 27,
    "version": 0,
    "links": []
  }
}